max_interaction_bins,landmark,term,importance,corr_AB,same_group,occupancy_pct,support_energy,frac_var_residual,svd_r1_frac,sign_consistency,verdict
8,1M,TPOAb & Velocity_load,0.1191,-0.056,False,100.0,1.0,0.678,0.965,0.583,真2D
8,1M,TGAb & FT4_0M,0.0847,-0.06,False,100.0,1.0,0.619,0.94,0.583,真2D
8,1M,ThyroidW & HalfLife,0.0765,-0.036,False,100.0,1.0,0.644,0.936,0.833,真2D
8,1M,ThyroidW & TSH_current,0.0713,-0.065,False,100.0,1.0,0.625,0.926,0.8,真2D
8,1M,FT4_0M & TSH_0M,0.0586,-0.086,True,80.6,0.599,0.182,0.998,0.571,对冲伪
8,3M,TRAb & HalfLife,0.1088,-0.182,False,100.0,1.0,0.586,0.872,0.75,真2D
8,3M,FT4_0M & Hormone_load,0.0961,0.144,False,100.0,1.0,0.718,0.955,0.667,真2D
8,3M,ThyroidW & TPOAb,0.0879,0.243,False,100.0,1.0,0.667,0.519,0.75,真2D
8,3M,ThyroidW & HalfLife,0.0745,-0.036,False,100.0,1.0,0.633,0.976,0.944,真2D
8,3M,Uptake24h & Hormone_load,0.0615,-0.021,False,100.0,1.0,0.633,0.869,0.694,真2D
8,6M,Hormone_load & Velocity_load,0.1855,0.255,False,94.4,0.886,0.418,0.802,0.824,真2D
8,6M,TPOAb & T3T4_balance,0.1846,0.031,False,100.0,1.0,0.937,0.929,0.639,真2D
8,6M,TSH_current & TSH_velocity,0.1139,0.703,False,88.9,0.947,0.787,0.846,0.815,真2D
8,6M,Hormone_load & T3T4_balance,0.098,-0.0,False,94.4,0.785,0.39,0.967,0.621,真2D
8,6M,Hormone_load & Velocity_balance,0.0815,0.152,False,100.0,1.0,0.693,0.738,0.714,真2D
8,12M,TSH_current & Hormone_load,0.2923,-0.225,True,100.0,1.0,0.871,0.671,0.828,真2D
8,12M,ThyroidW & T3T4_balance,0.2392,0.059,False,100.0,1.0,0.706,0.653,0.639,真2D
8,12M,Hormone_load & T3T4_balance,0.228,-0.0,False,94.4,0.929,0.599,0.869,0.733,真2D
8,12M,T3T4_balance & Velocity_load,0.1993,0.009,False,100.0,1.0,0.374,0.867,0.714,真2D
8,12M,T3T4_balance & Velocity_balance,0.1628,0.337,False,100.0,1.0,0.621,0.976,0.636,真2D
16,1M,TPOAb & Velocity_load,0.1029,-0.056,False,94.9,0.961,0.706,0.956,0.593,真2D
16,1M,TGAb & FT4_0M,0.0595,-0.06,False,94.4,0.964,0.611,0.969,0.575,真2D
16,1M,ThyroidW & HalfLife,0.0481,-0.036,False,95.9,0.984,0.575,0.868,0.747,真2D
16,1M,ThyroidW & T3T4_balance,0.0457,-0.04,False,98.0,0.948,0.494,0.728,0.787,真2D
16,1M,FT4_0M & TSH_0M,0.0269,-0.086,True,42.3,0.214,0.133,0.998,0.688,对冲伪
16,3M,ThyroidW & TPOAb,0.1105,0.243,False,93.9,0.918,0.557,0.454,0.68,真2D
16,3M,Hormone_load & T3T4_balance,0.099,0.0,False,67.9,0.455,0.349,0.625,0.81,对冲伪
16,3M,Uptake24h & Hormone_load,0.0871,-0.021,False,98.0,0.972,0.678,0.947,0.687,真2D
16,3M,TRAb & HalfLife,0.0817,-0.182,False,98.0,0.929,0.547,0.936,0.6,真2D
16,3M,ThyroidW & HalfLife,0.0706,-0.036,False,95.9,0.983,0.658,0.917,0.734,真2D
16,6M,Hormone_load & Velocity_load,0.224,0.255,False,81.6,0.696,0.386,0.804,0.725,真2D
16,6M,TPOAb & T3T4_balance,0.2184,0.031,False,94.9,0.967,0.733,0.706,0.686,真2D
16,6M,Hormone_load & T3T4_balance,0.1521,-0.0,False,78.1,0.745,0.54,0.719,0.514,真2D
16,6M,TSH_current & Velocity_load,0.1466,-0.078,False,86.7,0.745,0.557,0.715,0.843,真2D
16,6M,Uptake24h & Hormone_load,0.1426,-0.025,False,100.0,1.0,0.581,0.853,0.74,真2D
16,12M,TSH_current & Hormone_load,0.3416,-0.225,True,78.1,0.651,0.568,0.912,0.875,真2D
16,12M,ThyroidW & T3T4_balance,0.2209,0.059,False,97.4,0.962,0.683,0.76,0.654,真2D
16,12M,Hormone_load & Velocity_balance,0.214,0.01,False,86.7,0.826,0.77,0.822,0.775,真2D
16,12M,T3T4_balance & Velocity_load,0.193,0.009,False,86.7,0.839,0.545,0.773,0.5,真2D
16,12M,T3T4_balance & Velocity_balance,0.1069,0.337,False,83.7,0.738,0.489,0.986,0.578,真2D
24,1M,TPOAb & Velocity_load,0.1131,-0.056,False,70.9,0.739,0.747,0.923,0.519,真2D
24,1M,ThyroidW & TSH_velocity,0.098,0.002,False,39.6,0.37,0.656,0.924,0.727,外推不可信
24,1M,HalfLife & T3T4_balance,0.0911,-0.024,False,77.9,0.788,0.852,0.734,0.786,真2D
24,1M,TGAb & FT4_0M,0.0692,-0.06,False,68.6,0.685,0.58,0.887,0.5,真2D
24,1M,TGAb & Velocity_load,0.0426,0.055,False,67.1,0.705,0.748,0.803,0.72,真2D
24,3M,ThyroidW & HalfLife,0.0903,-0.036,False,78.7,0.868,0.603,0.954,0.833,真2D
24,3M,Uptake24h & Hormone_load,0.0832,-0.021,False,81.8,0.761,0.627,0.928,0.667,真2D
24,3M,FT4_0M & Hormone_load,0.0796,0.144,False,80.2,0.796,0.801,0.984,0.467,真2D
24,3M,TRAb & HalfLife,0.0729,-0.182,False,78.3,0.764,0.63,0.812,0.682,真2D
24,3M,TRAb & Velocity_load,0.0723,-0.145,False,73.8,0.731,0.751,0.73,0.7,真2D
24,6M,TSH_current & Velocity_load,0.25,-0.078,False,60.5,0.594,0.361,0.76,0.828,对冲伪
24,6M,TGAb & FT4_0M,0.226,-0.06,False,68.6,0.691,0.877,0.924,0.458,真2D
24,6M,TPOAb & T3T4_balance,0.1937,0.031,False,71.9,0.774,0.675,0.726,0.586,真2D
24,6M,Hormone_load & T3T4_balance,0.1757,-0.0,False,63.8,0.515,0.345,0.925,0.703,对冲伪
24,6M,TRAb & HalfLife,0.1198,-0.182,False,78.3,0.779,0.578,0.919,0.545,真2D
24,12M,Hormone_load & Velocity_load,0.4246,0.319,False,57.0,0.521,0.531,0.902,0.96,对冲伪
24,12M,ThyroidW & T3T4_balance,0.3471,0.059,False,80.8,0.756,0.644,0.732,0.706,真2D
24,12M,Hormone_load & Velocity_balance,0.3073,0.01,False,61.8,0.527,0.716,0.928,0.92,对冲伪
24,12M,T3T4_balance & Velocity_load,0.2132,0.009,False,61.0,0.562,0.524,0.862,0.417,对冲伪
24,12M,T3T4_balance & Velocity_balance,0.1186,0.337,False,58.5,0.4,0.383,0.919,0.56,对冲伪
32,1M,TPOAb & Velocity_load,0.0948,-0.056,False,47.6,0.517,0.735,0.963,0.433,对冲伪
32,1M,ThyroidW & TSH_velocity,0.069,0.002,False,23.0,0.214,0.604,0.966,0.767,外推不可信
32,1M,HalfLife & T3T4_balance,0.0565,-0.024,False,57.8,0.543,0.886,0.855,0.6,对冲伪
32,1M,TGAb & FT4_0M,0.0505,-0.06,False,45.9,0.466,0.587,0.957,0.484,对冲伪
32,1M,TGAb & Velocity_load,0.0359,0.055,False,45.2,0.479,0.77,0.862,0.676,对冲伪
32,3M,Uptake24h & Hormone_load,0.1041,-0.021,False,59.8,0.557,0.624,0.965,0.5,对冲伪
32,3M,ThyroidW & HalfLife,0.0969,-0.036,False,57.6,0.616,0.623,0.964,,真2D
32,3M,TRAb & HalfLife,0.0932,-0.182,False,57.9,0.559,0.517,0.914,0.778,对冲伪
32,3M,FT4_0M & T3T4_balance,0.0928,-0.051,False,60.7,0.615,0.786,0.875,,真2D
32,3M,FT4_0M & Hormone_load,0.0826,0.144,False,58.6,0.549,0.72,0.976,,对冲伪
32,6M,TSH_current & Velocity_load,0.223,-0.078,False,42.3,0.412,0.384,0.679,0.769,对冲伪
32,6M,TGAb & FT4_0M,0.1966,-0.06,False,45.9,0.464,0.87,0.953,0.452,对冲伪
32,6M,TPOAb & T3T4_balance,0.1738,0.031,False,46.8,0.512,0.811,0.8,0.613,对冲伪
32,6M,Hormone_load & T3T4_balance,0.1214,-0.0,False,47.8,0.375,0.402,0.951,0.357,对冲伪
32,6M,Uptake24h & Hormone_load,0.1206,-0.025,False,60.4,0.571,0.514,0.897,1.0,对冲伪
32,12M,Hormone_load & Velocity_load,0.4179,0.319,False,38.4,0.351,0.566,0.916,0.933,外推不可信
32,12M,ThyroidW & T3T4_balance,0.3034,0.059,False,57.3,0.566,0.67,0.695,,对冲伪
32,12M,Hormone_load & Velocity_balance,0.2695,0.01,False,41.4,0.363,0.79,0.891,0.931,对冲伪
32,12M,T3T4_balance & Velocity_balance,0.1574,0.337,False,39.9,0.288,0.381,0.957,0.562,外推不可信
32,12M,T3T4_balance & Velocity_load,0.1502,0.009,False,41.8,0.353,0.532,0.855,0.484,对冲伪
